<?xml version="1.0" standalone="yes"?>
<xs:schema id="ArquivadorDS" xmlns="" xmlns:xs="http://www.w3.org/2001/XMLSchema" xmlns:msdata="urn:schemas-microsoft-com:xml-msdata">
  <xs:element name="ArquivadorDS" msdata:IsDataSet="true" msdata:Locale="en-US">
    <xs:complexType>
      <xs:choice minOccurs="0" maxOccurs="unbounded">
        <xs:element name="TB_EXCLUSION">
          <xs:complexType>
            <xs:sequence>
              <xs:element name="IdExclusion" type="xs:string" minOccurs="0" />
              <xs:element name="Path" type="xs:string" minOccurs="0" />
            </xs:sequence>
          </xs:complexType>
        </xs:element>
      </xs:choice>
    </xs:complexType>
  </xs:element>
</xs:schema>